col_0,col_1,col_2,col_3,col_4
-1.2554601840287347,0.6103594945522121,0.26401017249540787,-0.8035381516158223,0.8199361192920752
