col_0,col_1,col_2,col_3,col_4,col_5,col_6,col_7,col_8,col_9,col_10,col_11
0.13757835234722918,-0.07262040605835524,-1.418451765708757,1.4342110190540547,1.4472388797576363,0.4850829853740308,-0.27787263160260234,0.11848279947218544,1.3613461523895545,-0.4952523398456618,-0.4037616380529905,1.0677689229052638
