col_0,col_1,col_2,col_3,col_4,col_5,col_6,col_7,col_8,col_9,col_10,col_11,col_12,col_13,col_14,col_15,col_16,col_17,col_18,col_19,col_20,col_21,col_22,col_23,col_24
1.3295471224522626,-0.8497705826185892,-0.3112111510972234,-0.21199404135442243,-1.4322123250397416,-0.25396174655643533,-0.7132680324239123,-1.293288047070741,-0.5150883351907233,-1.2130177807981364,0.5312395376182526,-0.3702927130107878,0.4149375854247915,0.21875747064280393,1.9720896614760155,-1.8438857513655666,-0.4875304635193506,1.5156092519934032,-2.0318411930278364,0.06790829259023404,-0.6944627259951607,-0.9424110432869576,0.4018569280288581,-1.3673269608769953,-1.719603457554304
