col_0,col_1,col_2,col_3,col_4,col_5,col_6,col_7,col_8,col_9,col_10,col_11,col_12,col_13,col_14,col_15,col_16,col_17,col_18,col_19,col_20,col_21,col_22,col_23,col_24
0.9639765858222498,-1.3475963519596137,0.30655096793882525,-0.09089899732260745,0.8273417964239792,-1.374373961863985,-1.5307911227912112,0.7500443858611368,-0.3909221415491874,0.5333303322069259,-0.5798359683090983,-1.301165684454405,-0.6746220284861459,1.1272084607004111,1.5597185715187922,0.5546566385879048,0.3522468325884189,-1.4413363648767765,0.847218911419001,-1.1548970763146782,-0.09070479806266848,0.6909031634512373,-1.6138759888802172,-1.4787802884219226,-1.9337533789078183
