col_0,col_1,col_2,col_3
-0.42329831204415375,-0.07971821090639905,-1.6873344339580298,-1.4471124724230873
