col_0,col_1,col_2,col_3,col_4,col_5,col_6,col_7
-0.812941095310326,-0.41535726017968533,-0.6120967990598081,-0.14079088641638526,1.0659802307876436,0.15704856744534462,0.16987801015178794,0.05643090245934168
