col_0,col_1,col_2,col_3,col_4,col_5,col_6,col_7,col_8,col_9,col_10,col_11,col_12,col_13,col_14
-1.1313476460586354,1.658245290581541,-0.47495579905351665,0.031292303612764895,0.0836446022226273,1.1056204534738094,-0.9524665646324091,1.1682608342261538,-1.2787207156216913,0.4223605931564855,1.2986528040864378,2.672740682310861,-1.500780209533277,-0.8507113100480268,-0.17640163328682879
