col_0,col_1,col_2,col_3,col_4,col_5,col_6,col_7,col_8,col_9,col_10,col_11,col_12,col_13,col_14,col_15,col_16,col_17,col_18,col_19
-1.3827381702986268,-0.08792740941989748,0.29603307704261733,1.8504632338437539,0.0859990650052155,-2.334177042210305,-0.09398543278462142,2.739504133108306,0.8663662349850397,0.15110100406354576,0.9212890176881378,-0.8192534427890756,-0.7584593500825563,2.078982057065243,-0.7002219730856777,-0.10781518968451471,3.0259390541270124,1.7137567052307354,-2.0896184759126863,-2.349061406464398
