col_0,col_1,col_2,col_3,col_4,col_5,col_6,col_7,col_8,col_9,col_10,col_11,col_12,col_13,col_14,col_15,col_16,col_17,col_18,col_19
0.2437524804016479,-0.15124764674637586,0.4325944517261522,0.06191648367995918,0.11039572561221853,-0.4083331628266692,-1.3981096597988507,-1.5436252025220816,-0.18947740837475668,0.5832426891456322,-0.18590305329740886,-0.5843282446385527,-0.8683673604876146,0.41900902951698626,-1.4140201928460896,-1.6885156988792414,0.10645665543920371,0.06654761910506096,0.11099957772217722,-0.5887424714330441
